department;team;targeted_productivity;smv;over_time;incentive;idle_time;idle_men;no_of_style_change;no_of_workers;actual_productivity
sweing;8;0.8;26.16;7080;98;0;0;0;59;0.940725424
finishing ;1;0.75;3.94;960;0;0;0;0;8;0.8865
sweing;11;0.8;11.41;3660;50;0;0;0;30.5;0.800570492
sweing;12;0.8;11.41;3660;50;0;0;0;30.5;0.800570492
sweing;6;0.8;25.9;1920;50;0;0;0;56;0.800381944
sweing;7;0.8;25.9;6720;38;0;0;0;56;0.800125
finishing ;2;0.75;3.94;960;0;0;0;0;8;0.755166667
sweing;3;0.75;28.08;6900;45;0;0;0;57.5;0.753683478
sweing;2;0.75;19.87;6000;34;0;0;0;55;0.753097531
sweing;1;0.75;28.08;6900;45;0;0;0;57.5;0.750427826
sweing;9;0.7;28.08;6900;44;0;0;0;57.5;0.721126957
sweing;10;0.75;19.31;6480;45;0;0;0;54;0.712205247
sweing;5;0.8;11.41;3660;50;0;0;0;30.5;0.707045902
finishing ;10;0.65;3.94;960;0;0;0;0;8;0.705916667
finishing ;8;0.75;2.9;960;0;0;0;0;8;0.676666667
finishing ;4;0.75;3.94;2160;0;0;0;0;18;0.593055556
finishing ;7;0.8;2.9;960;0;0;0;0;8;0.540729167
sweing;4;0.65;23.69;7200;0;0;0;0;60;0.52118
finishing;11;0.7;4.15;1440;0;0;0;0;12;0.436326389
finishing ;4;0.8;4.15;6600;0;0;0;0;20;0.988024691
finishing ;11;0.75;2.9;5640;0;0;0;0;17;0.987880435
finishing ;9;0.8;4.15;960;0;0;0;0;8;0.956270833
finishing ;3;0.75;3.94;1560;0;0;0;0;8;0.945277778
finishing ;1;0.8;3.94;960;0;0;0;0;8;0.902916667
sweing;1;0.8;28.08;6300;50;0;0;0;56.5;0.800725314
sweing;3;0.8;28.08;6540;50;0;0;0;54.5;0.800322936
sweing;8;0.8;26.16;7080;50;0;0;0;59;0.800318644
sweing;12;0.8;26.16;7080;63;0;0;0;59;0.800318644
sweing;11;0.8;11.61;7080;50;0;0;0;29.5;0.800237288
sweing;5;0.8;11.61;7080;50;0;0;0;31.5;0.800148649
sweing;6;0.8;25.9;6720;50;0;0;0;56;0.800125
sweing;7;0.8;25.9;6720;38;0;0;0;56;0.800125
sweing;10;0.75;19.31;6480;56;0;0;0;54;0.787299691
finishing ;2;0.8;4.15;960;0;0;0;0;8;0.782447917
sweing;2;0.75;19.87;6600;45;0;0;0;55;0.75024303
finishing ;10;0.7;4.15;960;0;0;0;0;8;0.7018125
sweing;4;0.7;23.69;13800;0;0;0;0;60;0.700134038
sweing;9;0.7;28.08;6900;40;0;0;0;57.5;0.699965217
finishing ;8;0.8;2.9;960;0;0;0;0;8;0.628333333
finishing ;7;0.8;3.94;960;0;0;0;0;8;0.6253125
finishing ;3;0.75;4.15;1560;0;0;0;0;8;0.991388889
finishing ;9;0.8;3.94;960;0;0;0;0;8;0.931645833
finishing ;1;0.8;3.94;960;0;0;0;0;8;0.915229167
sweing;6;0.8;11.61;6975;50;0;0;0;31;0.879714482
finishing ;4;0.8;3.94;6600;0;0;0;0;20;0.861679012
sweing;9;0.8;26.16;7080;60;0;0;0;59;0.850569492
sweing;7;0.8;25.9;7020;60;0;0;0;56.5;0.850436438
sweing;8;0.8;25.9;6780;45;0;0;0;56.5;0.850345133
sweing;4;0.8;28.08;4260;50;0;0;0;55.5;0.800598058
sweing;1;0.8;26.16;7080;63;0;0;0;59;0.800318644
sweing;2;0.8;28.08;6660;50;0;0;0;55.5;0.800237838
sweing;12;0.8;11.61;6975;50;0;0;0;31;0.800030199
finishing ;2;0.8;3.94;960;0;0;0;0;8;0.792104167
finishing ;10;0.7;3.94;4320;0;0;0;0;18;0.759228395
sweing;11;0.75;19.31;6480;45;0;0;0;54;0.750348457
sweing;3;0.75;19.87;6600;45;0;0;0;55;0.75024303
sweing;10;0.7;28.08;6900;40;0;0;0;57.5;0.699965217
finishing ;8;0.8;2.9;960;0;0;0;0;8;0.682708333
finishing ;7;0.8;2.9;960;0;0;0;0;8;0.667604167
sweing;5;0.7;45.67;6960;26;0;0;0;58;0.603432184
finishing ;11;0.75;4.15;960;0;0;0;0;8;0.345833333
finishing ;1;0.8;3.94;1920;0;0;0;0;8;0.961059028
finishing ;11;0.8;3.94;2400;0;0;0;0;10;0.939513889
finishing ;4;0.8;3.94;3840;0;0;0;0;16;0.893663194
finishing ;3;0.75;4.15;1920;0;0;0;0;8;0.875390625
sweing;9;0.8;26.16;7080;75;0;0;0;59;0.850569492
finishing ;9;0.8;2.9;1920;0;0;0;0;8;0.820833333
finishing ;2;0.8;3.94;960;0;0;0;0;8;0.804416667
sweing;7;0.8;25.9;6780;50;0;0;0;56.5;0.800684366
sweing;8;0.8;25.9;6780;38;0;0;0;56.5;0.800684366
sweing;1;0.8;26.16;7080;63;0;0;0;59;0.800318644
sweing;11;0.8;19.31;4800;50;0;0;0;55;0.800250962
sweing;6;0.8;11.61;7200;50;0;0;0;32;0.800246011
sweing;12;0.8;11.61;7200;50;0;0;0;32;0.800246011
sweing;2;0.8;28.08;6900;50;0;0;0;57.5;0.800076522
sweing;4;0.8;28.08;6900;50;0;0;0;57.5;0.800076522
finishing ;10;0.75;2.9;960;0;0;0;0;8;0.763375
finishing ;5;0.6;2.9;960;0;0;0;0;8;0.759270833
sweing;10;0.75;28.08;7020;45;0;0;0;58.5;0.7504
sweing;3;0.75;19.87;6600;45;0;0;0;55;0.75024303
finishing ;7;0.8;3.94;960;0;0;0;0;8;0.676666667
finishing ;8;0.8;2.9;960;0;0;0;0;8;0.664583333
sweing;5;0.6;21.98;6960;23;0;0;0;58;0.600028736
finishing ;4;0.8;3.94;4440;0;0;0;0;18;0.966781346
finishing ;1;0.8;3.94;1440;0;0;0;0;8;0.936496212
finishing ;3;0.75;4.15;1800;0;0;0;0;10;0.899166667
finishing ;11;0.8;4.15;2700;0;0;0;0;15;0.888686869
finishing ;9;0.8;3.94;1440;0;0;0;0;8;0.858143939
sweing;1;0.8;26.16;10620;75;0;0;0;59;0.850502311
sweing;9;0.8;26.16;10620;75;0;0;0;59;0.850502311
finishing ;10;0.75;3.94;1440;0;0;0;0;8;0.809640152
finishing ;2;0.8;3.94;1440;0;0;0;0;8;0.805909091
sweing;2;0.8;28.08;10350;50;0;0;0;57.5;0.800594466
sweing;4;0.8;28.08;10350;50;0;0;0;57.5;0.800594466
sweing;3;0.8;19.87;9900;50;0;0;0;55;0.800273829
sweing;12;0.8;11.61;5310;50;0;0;0;31.5;0.800140969
sweing;7;0.8;25.9;10170;38;0;0;0;56.5;0.800128721
sweing;8;0.8;25.9;10170;38;0;0;0;56.5;0.800128721
sweing;6;0.8;11.61;4470;38;0;0;0;31.5;0.80007657
sweing;10;0.75;28.08;10530;45;0;0;0;58.5;0.750545455
sweing;11;0.75;19.31;9900;45;0;0;0;55;0.750057851
finishing ;8;0.8;2.9;1440;0;0;0;0;8;0.681060606
sweing;5;0.65;21.98;10440;35;0;0;0;58;0.649983281
finishing ;7;0.8;2.9;1440;0;0;0;0;8;0.61625
finishing ;1;0.8;3.94;1440;0;0;0;0;8;0.951420455
finishing ;9;0.8;3.94;1440;0;0;0;0;8;0.880530303
sweing;1;0.8;26.16;10620;75;0;0;0;59;0.850502311
sweing;9;0.8;26.16;10620;75;0;0;0;59;0.850502311
sweing;8;0.8;25.9;10170;60;0;0;0;56.5;0.850136766
finishing ;3;0.75;4.15;2700;0;0;0;0;15;0.83
finishing ;4;0.8;3.94;4440;0;0;0;0;18;0.827186544
finishing ;2;0.8;3.94;1440;0;0;0;0;8;0.813371212
finishing ;10;0.75;3.94;1440;0;0;0;0;8;0.805909091
finishing ;7;0.8;2.9;1440;0;0;0;0;8;0.804640152
sweing;2;0.8;28.08;10350;63;0;0;0;57.5;0.800594466
sweing;4;0.8;28.08;10350;50;0;0;0;57.5;0.800594466
sweing;6;0.8;11.41;5490;50;0;0;0;30.5;0.800343766
sweing;3;0.8;19.87;9900;50;0;0;0;55;0.800273829
sweing;12;0.8;11.61;5670;50;0;0;0;31.5;0.800246753
sweing;7;0.8;25.9;10170;50;0;0;0;56.5;0.800128721
sweing;10;0.75;28.08;10530;69;0;0;0;58.5;0.8
sweing;5;0.7;21.98;9720;40;0;0;0;58;0.700480831
finishing ;8;0.8;2.9;1440;0;0;0;0;8;0.681060606
finishing ;6;0.8;2.9;1800;0;0;0;0;10;0.666515152
sweing;11;0.8;31.83;9900;40;0;0;0;55;0.412119835
finishing ;5;0.7;4.15;1440;0;0;0;0;8;0.330113636
finishing ;1;0.8;3.94;1440;0;0;0;0;8;0.947689394
finishing ;4;0.8;3.94;12600;0;0;0;0;20;0.919905405
sweing;9;0.8;26.16;10620;88;0;0;0;59;0.900215716
finishing ;9;0.8;3.94;1440;0;0;0;0;8;0.891723485
sweing;1;0.8;26.16;10620;75;0;0;0;59;0.850502311
sweing;4;0.8;28.08;10530;75;0;0;0;58.5;0.850181818
sweing;7;0.8;25.9;10170;60;0;0;0;56.5;0.850136766
sweing;8;0.8;25.9;10170;60;0;0;0;56.5;0.850136766
finishing ;2;0.8;3.94;1440;0;0;0;0;8;0.835757576
finishing ;5;0.7;4.15;3840;0;0;0;0;8;0.821354167
sweing;2;0.8;28.08;10050;63;0;0;0;58.5;0.800497246
sweing;3;0.8;19.87;9900;50;0;0;0;55;0.800273829
sweing;12;0.8;11.61;15120;63;0;0;0;31.5;0.800107143
sweing;6;0.8;11.41;14640;50;0;0;0;30.5;0.800024932
sweing;10;0.75;28.08;10530;69;0;0;0;58.5;0.8
finishing ;10;0.75;3.94;1440;0;0;0;0;8;0.779791667
finishing ;8;0.8;2.9;1440;0;0;0;0;8;0.735984848
finishing ;3;0.75;4.15;2160;0;0;0;0;12;0.712626263
finishing ;7;0.8;2.9;1440;0;0;0;0;8;0.681060606
finishing ;11;0.8;4.15;900;0;0;0;0;5;0.515606061
sweing;11;0.35;12.52;25920;38;0;0;0;54;0.349951389
sweing;5;0.7;42.41;10260;0;0;0;0;57;0.233705476
finishing ;1;0.8;3.94;2160;0;0;0;0;8;985
finishing ;3;0.75;4.15;2760;0;0;0;0;12;0.930340376
finishing ;4;0.8;3.94;6000;0;0;0;0;20;0.911589744
finishing ;9;0.8;3.94;1440;0;0;0;0;8;0.858143939
sweing;9;0.8;26.16;10620;75;0;0;0;59;0.851174114
sweing;7;0.8;25.9;10170;60;0;0;0;56.5;0.850136766
sweing;8;0.8;25.9;10170;60;0;0;0;56.5;0.850136766
finishing ;10;0.8;3.94;1440;0;0;0;0;8;0.846950758
finishing ;11;0.8;4.15;1440;0;0;0;0;8;0.817424242
finishing ;2;0.8;3.94;1440;0;0;0;0;8;0.817102273
sweing;4;0.8;28.08;10440;63;0;0;0;58;0.801028213
sweing;2;0.8;28.08;10350;63;0;0;0;57.5;0.800594466
sweing;12;0.8;11.61;4710;50;0;0;0;31.5;0.800346445
sweing;6;0.8;11.41;5490;50;0;0;0;30.5;0.800343766
sweing;1;0.8;26.16;10620;63;0;0;0;59;0.800117103
sweing;10;0.8;28.08;10530;63;0;0;0;58.5;0.8
sweing;3;0.75;19.87;7080;45;0;0;0;56;0.750098351
sweing;11;0.5;12.52;9540;38;0;0;0;53;0.673245283
finishing ;7;0.8;2.9;1440;0;0;0;0;8;0.670075758
finishing ;8;0.8;2.9;1440;0;0;0;0;8;0.628882576
sweing;5;0.5;20.79;7680;0;0;0;0;56;0.388007813
finishing ;5;0.5;4.15;1440;0;0;0;0;8;0.337973485
finishing ;3;0.75;4.15;1440;0;0;0;0;8;0.93532197
finishing ;4;0.8;3.94;3600;0;0;0;0;20;0.925643939
sweing;9;0.8;26.16;10620;88;0;0;0;59;0.900215716
finishing ;1;0.8;3.94;1440;0;0;0;0;8;0.873068182
finishing ;9;0.8;3.94;1440;0;0;0;0;8;0.858143939
sweing;1;0.8;26.16;10620;75;0;0;0;59;0.850502311
sweing;7;0.8;25.9;10170;45;0;0;0;56.5;0.850136766
sweing;8;0.8;25.9;10170;60;0;0;0;56.5;0.850136766
finishing ;10;0.8;3.94;1440;0;0;0;0;8;0.828295455
finishing ;2;0.8;3.94;1440;0;0;0;0;8;0.820833333
sweing;6;0.8;11.41;5490;50;0;0;0;30.5;0.800343766
sweing;12;0.8;11.61;5670;50;0;0;0;31.5;0.800246753
sweing;2;0.8;28.08;10530;63;0;0;0;58.5;0.8
sweing;10;0.8;28.08;10530;38;0;0;0;58.5;0.8
sweing;3;0.8;19.87;6420;0;0;0;0;55;0.690182815
finishing ;11;0.8;4.15;1440;0;0;0;0;8;0.668087121
finishing ;8;0.8;2.9;1440;0;0;0;0;8;0.653598485
finishing ;5;0.5;4.15;1440;0;0;0;0;8;0.609138258
sweing;11;0.6;12.52;9540;30;0;0;0;53;0.600229846
finishing ;6;0.8;2.9;1440;0;0;0;0;8;0.597348485
finishing ;7;0.8;2.9;1440;0;0;0;0;8;0.590435606
sweing;4;0.8;50.48;10440;0;0;0;0;58;0.473134796
sweing;5;0.6;20.79;7980;0;0;0;0;57;0.452979626
finishing ;1;0.8;3.94;1440;0;0;0;0;8;0.955151515
finishing ;4;0.35;4.3;3240;0;0;0;0;18;0.942213805
finishing ;3;0.8;4.15;1800;0;0;0;0;10;0.905454545
finishing ;2;0.8;3.94;1440;0;0;0;0;8;0.880530303
finishing ;9;0.8;3.94;1440;0;0;0;0;8;0.858143939
sweing;1;0.8;26.16;8220;75;0;0;0;59;0.850522167
sweing;9;0.8;26.16;10620;75;0;0;0;59;0.850502311
sweing;7;0.8;25.9;10170;60;0;0;0;56.5;0.850136766
sweing;8;0.8;25.9;10170;60;0;0;0;56.5;0.850136766
finishing ;6;0.8;2.9;1440;0;0;0;0;8;0.817424242
finishing ;5;0.65;4.15;1440;0;0;0;0;8;0.809564394
sweing;3;0.8;19.87;9900;0;0;0;0;55;0.800273829
sweing;6;0.8;11.41;5670;50;0;0;0;31.5;0.800181818
sweing;12;0.8;11.61;4470;50;0;0;0;31.5;0.80007657
sweing;2;0.8;28.08;10530;63;0;0;0;58.5;0.8
finishing ;8;0.8;2.9;1440;0;0;0;0;8;725
sweing;10;0.8;50.48;6930;45;0;0;0;58.5;0.688557555
sweing;5;0.65;20.79;8460;0;0;0;0;59;0.650040783
sweing;11;0.65;12.52;9540;44;0;0;0;53;0.64998056
finishing ;7;0.8;2.9;1440;0;0;0;0;8;0.648106061
finishing ;11;0.8;4.15;1440;0;0;0;0;8;0.640577652
sweing;4;0.35;22.4;7350;0;0;0;0;51.5;0.35063299
finishing ;10;0.8;3.94;1440;0;0;0;0;8;0.24625
finishing ;4;0.35;4.3;2160;0;0;0;0;12;0.952020202
finishing ;1;0.8;3.94;1440;0;0;0;0;2;0.951420455
finishing ;10;0.8;3.94;5400;0;0;0;0;20;0.912766667
finishing ;3;0.8;4.15;1620;0;0;0;0;9;0.901262626
finishing ;9;0.8;3.94;1440;0;0;0;0;8;0.858143939
sweing;1;0.8;26.16;10620;75;0;0;0;59;0.850502311
sweing;9;0.8;26.16;10620;75;0;0;0;59;0.850502311
sweing;8;0.8;25.9;10260;60;0;0;0;57;0.850252525
sweing;7;0.8;25.9;10170;60;0;0;0;56.5;0.850136766
finishing ;5;0.65;4.15;1440;0;0;0;0;8;0.821354167
finishing ;2;0.8;3.94;1440;0;0;0;0;8;0.805909091
sweing;6;0.8;11.61;5670;50;0;0;0;31.5;0.800246753
sweing;12;0.8;11.61;5670;50;0;0;0;31.5;0.800246753
sweing;2;0.8;28.08;10530;50;0;0;0;58.5;0.8
sweing;3;0.8;42.27;9900;54;0;0;0;55;0.705576584
finishing ;8;0.8;2.9;1440;0;0;0;0;8;0.681060606
finishing ;7;0.8;2.9;1440;0;0;0;0;8;0.670075758
finishing ;11;0.8;4.15;1440;0;0;0;0;8;0.601278409
sweing;11;0.7;27.13;9540;37;0;0;0;53;0.582301029
sweing;5;0.7;20.79;10440;0;0;0;0;58;0.526810345
sweing;4;0.5;22.4;10170;23;0;0;0;56.5;0.500380799
sweing;10;0.35;22.4;10170;23;0;0;0;56.5;0.35020649
finishing ;11;0.8;4.15;1980;0;0;0;0;7;0.934607438
finishing ;4;0.35;4.3;2700;0;0;0;0;8;0.908080808
sweing;7;0.8;25.9;10170;70;0;0;0;56.5;0.900144811
finishing ;1;0.8;3.94;1440;0;0;0;0;8;0.891723485
finishing ;5;0.65;4.15;1440;0;0;0;0;15;0.864583333
finishing ;9;0.8;3.94;1440;0;0;0;0;8;0.858143939
sweing;9;0.8;26.16;10620;75;0;0;0;59;0.850502311
sweing;8;0.8;25.9;10170;60;0;0;0;56.5;0.850136766
finishing ;7;0.8;2.9;1440;0;0;0;0;8;0.837594697
finishing ;3;0.8;4.15;1440;0;0;0;0;7;0.820833333
sweing;12;0.8;11.61;2970;50;0;0;0;31.5;0.800313433
sweing;6;0.8;11.61;5670;38;0;0;0;31.5;0.800246753
sweing;1;0.8;26.16;10620;63;0;0;0;59;0.800117103
sweing;5;0.7;20.79;7320;0;0;0;0;58;0.700095563
finishing ;8;0.8;2.9;1440;0;0;0;0;8;0.667329545
sweing;4;0.6;22.4;5100;23;0;0;0;57;0.600369686
sweing;10;0.5;22.4;3390;23;0;0;0;56.5;0.499980334
sweing;11;0.35;14.61;7200;23;0;0;0;55;0.35003125
finishing ;10;0.8;3.94;1260;0;0;0;0;8;0.332359307
sweing;2;0.8;51.02;4260;27;0;0;0;57;0.311207464
finishing ;2;0.8;3.94;1260;0;0;0;0;8;0.247316017
finishing ;4;0.35;4.3;3600;0;0;0;0;20;0.988636364
finishing ;10;0.8;3.94;3420;0;0;0;0;19;0.953110048
finishing ;1;0.8;3.94;1440;0;0;0;0;8;0.884261364
finishing ;5;0.65;4.15;1440;0;0;0;0;8;0.860653409
finishing ;9;0.8;3.94;1440;0;0;0;0;8;0.858143939
sweing;1;0.8;26.16;10620;75;0;0;0;59;0.850502311
sweing;8;0.8;25.9;8970;60;0;0;0;56.5;0.850415628
sweing;7;0.8;25.9;10170;60;0;0;0;56.5;0.850136766
sweing;9;0.8;26.16;10620;63;0;0;0;59;0.800117103
sweing;6;0.8;11.61;4950;38;0;0;0;31.5;0.80003139
sweing;12;0.8;11.61;4950;50;0;0;0;31.5;0.80003139
sweing;5;0.7;20.79;10440;0;0;0;0;58;0.700060345
finishing ;7;0.8;2.9;1440;0;0;0;0;8;0.689299242
sweing;3;0.5;22.52;10170;30;0;0;0;56.5;0.660683293
sweing;4;0.65;22.52;10080;26;0;0;0;56;0.650130952
finishing ;8;0.8;2.9;1440;0;0;0;0;8;0.606912879
sweing;10;0.6;22.52;10170;23;0;0;0;56.5;0.600291767
sweing;11;0.5;14.89;9900;30;0;0;0;55;0.500025069
sweing;2;0.5;22.94;9810;23;0;0;0;54.5;0.499998888
finishing ;5;0.65;4.15;2700;0;0;0;0;15;0.98719697
finishing ;2;0.8;3.94;1800;0;0;0;0;10;0.980909091
finishing ;10;0.8;3.94;1440;0;0;0;0;8;0.974621212
finishing ;1;0.8;3.94;1440;0;0;0;0;8;0.884261364
finishing ;9;0.8;3.94;1800;0;0;0;0;10;0.82680303
sweing;6;0.8;11.41;5490;63;0;0;0;30.5;0.800343766
sweing;12;0.8;11.61;5670;63;0;0;0;31.5;0.800246753
sweing;7;0.8;25.9;10170;50;0;0;0;56.5;0.800128721
sweing;8;0.8;25.9;10170;50;0;0;0;56.5;0.800128721
sweing;1;0.8;48.68;10620;63;0;0;0;59;0.800117103
sweing;9;0.8;26.16;10620;63;0;0;0;59;0.800117103
sweing;2;0.6;22.94;6570;23;0;0;0;56.5;0.77011398
sweing;4;0.7;22.52;10170;50;0;0;0;56.5;0.7005417
finishing ;8;0.8;2.9;1440;0;0;0;0;8;0.675568182
finishing ;7;0.8;2.9;1440;0;0;0;0;8;0.661837121
sweing;10;0.65;22.52;9720;35;0;0;0;54;0.650198653
sweing;3;0.6;22.52;10170;30;0;0;0;56.5;0.600291767
sweing;11;0.6;14.89;10080;38;0;0;0;56;0.600273268
finishing ;6;0.8;2.9;900;0;0;0;0;5;0.465757576
sweing;5;0.7;41.19;10440;21;0;0;0;58;0.452012539
finishing ;11;0.8;4.15;1260;0;0;0;0;7;0.313852814
finishing ;5;0.6;4.15;1440;0;0;0;0;8;0.852793561
finishing ;11;0.65;4.15;2160;0;0;0;0;12;0.838383838
finishing ;6;0.8;2.9;1800;0;0;0;0;10;0.804848485
sweing;6;0.8;11.41;5490;63;0;0;0;30.5;0.800343766
sweing;7;0.8;48.84;10170;50;0;0;0;56.5;0.800128721
sweing;8;0.8;25.9;10170;38;0;0;0;56.5;0.800128721
sweing;9;0.8;26.16;3660;50;0;0;0;59;0.800015009
sweing;4;0.7;22.52;10170;50;0;0;0;56.5;0.7005417
sweing;10;0.7;22.52;10080;40;0;0;0;56;0.700094156
finishing ;7;0.8;2.9;1440;0;0;0;0;8;0.692045455
sweing;12;0.8;26.87;5670;56;0;0;0;31.5;0.662255892
sweing;3;0.65;22.52;10170;35;0;0;0;56.5;0.650416734
sweing;11;0.65;14.89;10260;44;0;0;0;57;0.650299575
sweing;2;0.65;22.94;10170;26;0;0;0;56.5;0.650243497
finishing ;8;0.8;2.9;1440;0;0;0;0;8;0.639867424
sweing;5;0.6;20.4;10440;30;0;0;0;58;0.600062696
finishing ;9;0.8;3.94;1800;0;0;0;0;10;0.582045455
sweing;1;0.8;49.1;10350;24;0;0;0;57.5;0.403242161
finishing ;10;0.7;3.94;1440;0;0;0;0;8;0.235795455
finishing ;4;0.7;4.3;5040;0;0;0;0;28;0.977272727
finishing ;9;0.8;3.94;1800;0;0;0;0;10;0.964106061
finishing ;5;0.65;4.15;1440;0;0;0;0;8;0.958901515
sweing;6;0.8;11.41;4380;50;0;0;0;31;0.800358775
sweing;8;0.8;25.9;3630;50;0;0;0;56.5;0.800162602
sweing;9;0.8;26.16;10620;63;0;0;0;59;0.800117103
finishing ;12;0.8;2.9;1440;0;0;0;0;8;0.793844697
sweing;2;0.7;22.94;10170;38;0;0;0;56.5;0.750517565
sweing;4;0.7;22.52;10260;63;0;0;0;57;0.750068049
sweing;3;0.7;22.52;10170;50;0;0;0;56.5;0.750062751
sweing;10;0.7;22.52;10080;63;0;0;0;56;0.750057359
sweing;11;0.7;14.89;10260;50;0;0;0;57;0.700170388
finishing ;8;0.8;2.9;1440;0;0;0;0;8;0.683806818
sweing;5;0.65;20.4;8280;35;0;0;0;58;0.650066445
sweing;7;0.8;48.84;10260;30;0;0;0;57;0.576460393
sweing;1;0.5;22.94;10170;30;0;0;0;56.5;0.549969429
finishing ;10;0.7;3.94;1440;0;0;0;0;8;0.538399621
finishing ;11;0.7;4.15;1440;0;0;0;0;8;0.409545455
sweing;12;0.35;15.26;6120;23;0;0;0;34;0.35021836
finishing ;5;0.7;4.15;1440;0;0;0;0;8;1.033570076
sweing;6;0.8;11.41;5580;63;0;0;0;31;0.800261486
sweing;8;0.8;25.9;10170;50;0;0;0;56.5;0.800128721
sweing;9;0.8;26.16;10620;63;0;0;0;59;0.800117103
sweing;4;0.7;22.52;10260;63;0;0;0;57;0.750068049
sweing;10;0.7;22.52;10080;63;0;0;0;56;0.750057359
sweing;3;0.7;22.52;8460;50;0;0;0;57;0.750037968
sweing;2;0.7;22.94;10260;50;0;0;0;57;0.750031898
finishing ;9;0.8;3.94;1800;0;0;0;0;10;0.72830303
sweing;11;0.7;14.89;10260;50;0;0;0;57;0.700170388
sweing;5;0.7;20.4;10260;50;0;0;0;57;0.700063796
finishing ;8;0.8;2.9;1440;0;0;0;0;8;0.639867424
sweing;12;0.5;15.26;3720;23;0;0;0;34;0.500290419
sweing;7;0.35;22.94;10080;30;0;0;0;56;0.400332792
finishing ;11;0.7;4.15;2700;0;0;0;0;15;0.362666667
finishing ;4;0.75;4.3;6000;0;0;0;0;20;0.978525641
finishing ;2;0.7;3.94;5100;0;0;0;0;17;0.912202112
sweing;4;0.75;22.52;10080;94;0;0;0;56;0.900556277
sweing;6;0.8;11.61;5760;75;0;0;0;89;0.850410511
finishing ;9;0.8;3.94;2400;0;0;0;0;8;0.827147436
sweing;8;0.8;25.9;7470;38;0;0;0;56.5;0.800436542
sweing;2;0.7;22.94;10500;60;0;0;0;57;0.800415742
sweing;10;0.7;22.52;10080;75;0;0;0;56;0.800020563
finishing ;5;0.7;4.15;2400;0;0;0;0;8;0.758173077
sweing;5;0.7;20.4;10440;50;0;0;0;58;0.750344828
sweing;3;0.7;22.52;10260;63;0;0;0;57;0.750068049
sweing;11;0.7;14.89;10260;50;0;0;0;57;0.700170388
sweing;1;0.65;22.94;10260;34;0;0;0;57;0.700029771
sweing;12;0.6;15.26;6360;23;0;0;0;34;0.60017284
finishing ;8;0.8;2.9;2400;0;0;0;0;8;0.594871795
sweing;9;0.8;54.56;4140;29;0;0;0;58;0.520237649
finishing ;1;0.65;3.94;2400;0;0;0;0;8;0.505128205
sweing;7;0.5;22.52;10080;23;0;0;0;56;0.500241342
finishing ;11;0.7;4.15;2700;0;0;0;0;9;0.470769231
finishing ;7;0.6;3.94;6000;0;0;0;0;10;0.957638889
finishing ;10;0.75;3.94;8400;0;0;0;0;14;0.940701058
sweing;4;0.75;22.52;10080;81;0;0;0;56;0.849983766
sweing;2;0.7;22.94;10620;60;0;0;0;57;0.800302791
sweing;6;0.8;11.61;6360;63;0;0;0;32;0.800191989
sweing;10;0.75;22.52;10080;55;0;0;0;56;0.800020563
sweing;1;0.7;22.94;12180;63;0;0;0;57;0.750162367
sweing;3;0.7;22.52;10260;63;0;0;0;57;0.750068049
finishing ;5;0.7;4.15;9000;0;0;0;0;15;0.742901235
sweing;5;0.7;20.4;10440;40;0;0;0;58;0.700250784
sweing;11;0.7;14.89;10260;50;0;0;0;57;0.700170388
finishing ;4;0.75;4.3;9000;0;0;0;0;15;0.670216049
finishing ;1;0.7;3.94;15000;0;0;0;0;25;0.649662222
finishing ;2;0.7;3.94;15000;0;0;0;0;25;0.649662222
finishing ;6;0.8;2.9;4800;0;0;0;0;8;0.626822917
sweing;12;0.6;15.26;6960;23;0;0;0;34;0.600436426
sweing;7;0.6;22.52;10260;23;0;0;0;57;0.60041361
sweing;8;0.8;40.99;10770;30;0;0;0;56.5;0.555500132
sweing;9;0.5;29.12;10440;30;0;0;0;58;0.500547544
finishing ;3;0.7;3.94;12000;0;0;0;0;20;0.460578704
finishing ;8;0.8;2.9;4800;0;0;0;0;8;0.397743056
finishing ;12;0.6;4.08;5400;0;0;0;0;9;0.327407407
finishing ;5;0.7;4.15;2700;0;0;0;0;15;0.966666667
finishing ;10;0.75;3.94;1800;0;0;0;0;10;0.937242424
finishing ;8;0.8;2.9;1620;0;0;0;0;9;0.910521886
sweing;2;0.75;22.94;10260;94;0;0;0;57;0.90064806
sweing;4;0.75;22.52;10260;94;0;0;0;57;0.900321106
finishing ;11;0.75;4.15;1800;0;0;0;0;10;0.896022727
finishing ;3;0.75;3.94;1440;0;0;0;0;8;0.895454545
finishing ;7;0.65;3.94;2160;0;0;0;0;12;0.870580808
finishing ;12;0.7;4.08;1620;0;0;0;0;9;0.858585859
sweing;1;0.7;22.94;10260;75;0;0;0;57;0.800643806
sweing;10;0.75;22.52;10080;69;0;0;0;56;0.80062987
sweing;6;0.8;11.61;5640;63;0;0;0;32;0.800537143
sweing;3;0.75;22.52;10260;69;0;0;0;57;0.80035194
sweing;12;0.75;15.26;6120;40;0;0;0;34;0.750079323
sweing;11;0.75;42.97;10260;56;0;0;0;57;0.750041201
sweing;5;0.7;20.4;10440;50;0;0;0;58;0.700250784
finishing ;4;0.75;4.3;2160;0;0;0;0;12;0.651515152
sweing;7;0.65;22.52;10170;26;0;0;0;56.5;0.650416734
sweing;9;0.6;29.12;6660;23;0;0;0;58;0.600125217
finishing ;2;0.75;3.94;1440;0;0;0;0;8;0.578314394
finishing ;1;0.7;3.94;1440;0;0;0;0;8;0.578314394
sweing;8;0.35;15.09;9360;23;0;0;0;52;0.34998951
finishing ;9;0.6;3.94;1440;0;0;0;0;8;0.261174242
finishing ;5;0.7;4.15;3060;0;0;0;0;17;0.973796791
finishing ;2;0.75;3.94;1440;0;0;0;0;8;0.970075758
finishing ;1;0.7;3.94;1440;0;0;0;0;8;0.970075758
finishing ;3;0.75;3.94;1620;0;0;0;0;9;0.961784512
finishing ;10;0.75;3.94;3420;0;0;0;0;19;0.955151515
finishing ;4;0.75;4.3;2160;0;0;0;0;12;0.952020202
sweing;4;0.75;22.52;10260;94;0;0;0;57;0.900321106
sweing;2;0.75;22.94;10530;81;0;0;0;58.5;0.850223776
sweing;1;0.7;22.94;10530;75;0;0;0;58.5;0.800909609
sweing;3;0.75;22.52;10350;55;0;0;0;57.5;0.800513307
sweing;6;0.8;11.61;5760;63;0;0;0;32;0.800386364
sweing;10;0.75;22.52;10080;69;0;0;0;56;0.800020563
finishing ;7;0.65;3.94;2520;0;0;0;0;14;0.749188312
sweing;7;0.7;22.52;10170;40;0;0;0;56.5;0.7005417
sweing;12;0.7;15.26;6120;40;0;0;0;34;0.70043672
sweing;5;0.7;20.4;10440;50;0;0;0;58;0.700250784
sweing;9;0.65;29.12;10440;26;0;0;0;58;0.650407524
finishing ;12;0.7;4.08;1620;0;0;0;0;9;0.618181818
sweing;11;0.75;42.97;10260;40;0;0;0;57;0.59114168
sweing;8;0.5;15.09;720;23;0;0;0;52;0.500061916
finishing ;8;0.8;2.9;720;0;0;0;0;4;0.329545455
finishing ;3;0.75;3.94;1800;0;0;0;0;10;1.059621212
finishing ;10;0.75;3.94;3780;0;0;0;0;21;0.997792208
finishing ;4;0.75;4.3;2160;0;0;0;0;12;0.963699495
finishing ;5;0.7;4.15;2700;0;0;0;0;15;0.959191919
finishing ;2;0.75;3.94;1800;0;0;0;0;10;0.910378788
finishing ;1;0.7;3.94;1800;0;0;0;0;10;0.910378788
sweing;4;0.8;22.52;10170;60;0;0;0;56.5;0.850312684
sweing;6;0.8;11.61;5760;50;0;0;0;32;0.800386364
sweing;3;0.75;22.52;10260;69;0;0;0;57;0.80035194
sweing;2;0.75;22.94;10260;55;0;0;0;57;0.800034024
sweing;1;0.7;22.94;10440;60;0;0;0;58;0.800023511
sweing;10;0.75;22.52;10080;55;0;0;0;56;0.800020563
finishing ;12;0.7;4.08;1620;0;0;0;0;9;0.769292929
sweing;5;0.75;20.4;10320;56;0;0;0;58;0.750031447
sweing;9;0.7;29.12;10440;40;0;0;0;58;0.70061442
sweing;12;0.7;15.26;6120;40;0;0;0;34;0.70043672
finishing ;7;0.65;3.94;1440;0;0;0;0;8;0.646306818
sweing;8;0.6;15.09;360;23;0;0;0;52;0.600143365
sweing;11;0.35;28.08;10260;23;0;0;0;57;0.350066986
sweing;2;0.75;22.52;6840;119;0;0;0;57;1.000230409
sweing;3;0.75;22.52;6840;119;0;0;0;57;1.000230409
finishing ;10;0.8;3.94;1440;0;0;0;0;12;0.979527778
finishing ;4;0.8;4.3;1440;0;0;0;0;12;0.940625
finishing ;5;0.5;4.15;1440;0;0;0;0;12;0.926388889
sweing;10;0.8;22.52;6720;70;0;0;0;56;0.900129762
finishing ;3;0.75;3.94;1440;0;0;0;0;12;0.861875
sweing;4;0.8;22.52;6780;60;0;0;0;56.5;0.850312684
finishing ;8;0.65;3.94;960;0;0;0;0;8;0.845458333
finishing ;12;0.7;4.15;1080;0;0;0;0;9;0.823555556
finishing ;7;0.5;4.15;960;0;0;0;0;8;0.803541667
sweing;1;0.75;22.94;6960;55;0;0;0;58;0.800263218
finishing ;2;0.75;3.94;1200;0;0;0;0;10;788
finishing ;1;0.75;3.94;1200;0;0;0;0;10;0.77815
sweing;9;0.7;29.12;6960;50;0;0;0;58;0.700386207
sweing;12;0.7;15.26;4080;40;0;0;0;34;0.700164706
sweing;8;0.65;15.09;240;23;0;0;0;52;0.650307143
sweing;6;0.8;30.4;3840;34;0;0;0;32;0.622828125
finishing ;6;0.8;2.9;960;0;0;0;0;8;0.6225
sweing;5;0.5;20.79;6960;30;0;0;0;58;0.500035345
sweing;11;0.5;48.18;6480;23;0;0;0;54;0.37046657
sweing;2;0.8;22.52;6840;90;0;0;0;57;1.000230409
sweing;3;0.8;22.52;6840;113;0;0;0;57;1.000230409
finishing ;6;0.35;2.9;1800;0;0;0;0;15;0.977555556
finishing ;1;0.75;3.94;1200;0;0;0;0;10;0.9456
finishing ;2;0.8;3.94;1800;0;0;0;0;15;0.902222222
sweing;10;0.8;22.52;6720;60;0;0;0;56;0.850532143
sweing;1;0.75;22.94;6960;81;0;0;0;58;0.850362069
finishing ;10;0.8;3.94;1200;0;0;0;0;10;0.840533333
sweing;5;0.6;20.79;6960;88;0;0;0;58;0.800534483
sweing;4;0.8;22.52;6780;50;0;0;0;56.5;0.800489676
finishing ;12;0.75;4.08;1080;0;0;0;0;9;0.755555556
sweing;9;0.7;29.12;6960;63;0;0;0;58;0.750593103
sweing;12;0.75;15.26;3600;45;0;0;0;35;0.750283333
finishing ;4;0.8;4.3;1440;0;0;0;0;12;0.722638889
finishing ;8;0.65;4.15;960;0;0;0;0;8;0.553333333
sweing;11;0.5;20.1;5880;46;0;0;0;54;0.500567308
sweing;8;0.7;38.09;6240;0;0;0;0;52;0.467693269
sweing;6;0.35;18.79;1800;23;0;0;0;32;0.437995338
finishing ;7;0.6;3.94;960;0;0;0;0;8;0.406354167
sweing;7;0.6;23.54;6600;0;0;0;0;55;0.285333333
finishing ;11;0.5;2.9;960;0;0;0;0;8;0.259375
sweing;2;0.8;22.52;6840;113;0;0;0;57;1.000230409
finishing ;4;0.8;4.3;1200;0;0;0;0;10;989
sweing;3;0.8;22.52;6840;100;0;0;0;57;0.950185965
sweing;4;0.8;22.52;6900;88;0;0;0;57.5;0.9008
sweing;10;0.8;22.52;6720;88;0;0;0;56;0.900129762
finishing ;6;0.5;2.9;1200;0;0;0;0;10;899
finishing ;8;0.65;4.15;960;0;0;0;0;8;0.877552083
finishing ;11;0.6;2.9;960;0;0;0;0;8;0.864583333
finishing ;10;0.8;3.94;1200;0;0;0;0;10;0.85695
finishing ;1;0.75;3.94;1200;0;0;0;0;10;0.853666667
sweing;1;0.75;22.94;6960;81;0;0;0;58;0.850362069
sweing;9;0.7;29.12;6960;53;0;0;0;58;0.850170115
sweing;5;0.65;20.79;7080;81;0;0;0;59;0.800473729
finishing ;2;0.8;3.94;1200;0;0;0;0;10;0.773333333
sweing;12;0.75;15.26;4200;45;0;0;0;35;0.750646667
finishing ;12;0.75;4.08;1080;0;0;0;0;9;0.634666667
sweing;11;0.6;20.1;4320;46;0;0;0;51;0.60059761
sweing;6;0.5;18.79;3960;23;0;0;0;33;0.500117677
finishing ;3;0.8;3.94;960;0;0;0;0;8;0.4925
sweing;7;0.65;23.54;6600;0;0;0;0;55;0.48792
sweing;3;0.8;22.52;6960;113;0;0;0;58;1.000457471
sweing;2;0.8;22.52;6840;113;0;0;0;57;1.000230409
finishing ;2;0.8;3.94;1200;0;0;0;0;10;0.971866667
finishing ;3;0.8;3.94;960;0;0;0;0;8;0.971866667
finishing ;4;0.8;3.94;1200;0;0;0;0;10;0.971866667
finishing ;10;0.8;3.94;1200;0;0;0;0;10;0.971866667
finishing ;1;0.75;3.94;1800;0;0;0;0;15;0.971866667
finishing ;9;0.75;3.94;240;0;0;0;0;2;0.971866667
finishing ;12;0.75;4.08;1080;0;0;0;0;9;0.971866667
finishing ;5;0.7;3.94;240;0;0;0;0;2;0.971866667
finishing ;7;0.7;3.94;1200;0;0;0;0;10;0.971866667
finishing ;8;0.65;3.94;960;0;0;0;0;8;0.971866667
finishing ;11;0.65;3.94;600;0;0;0;0;5;0.971866667
finishing ;6;0.6;3.94;1200;0;0;0;0;10;0.971866667
sweing;10;0.8;22.52;6720;93;0;0;0;56;0.920236905
sweing;4;0.8;22.52;6660;88;0;0;0;57.5;0.900537069
sweing;9;0.75;29.12;6840;81;0;0;0;57;0.850610526
sweing;1;0.75;22.94;6960;81;0;0;0;58;0.850362069
sweing;12;0.75;15.26;4200;45;0;0;0;35;0.750646667
sweing;5;0.7;50.89;5880;56;0;0;0;59;0.656763743
sweing;11;0.65;20.1;6480;49;0;0;0;54;0.650148148
sweing;6;0.6;18.79;3960;23;0;0;0;33;0.600710606
sweing;7;0.7;23.54;6720;0;0;0;0;56;0.388830357
sweing;8;0.5;23.54;6480;0;0;0;0;54;0.286984568
finishing ;8;0.65;4.15;960;0;0;0;0;8;1.0115625
sweing;2;0.8;22.52;6900;113;0;0;0;57.5;1.000671304
sweing;1;0.8;22.94;3060;113;0;0;0;58.5;1.000402055
finishing ;1;0.75;3.94;2280;0;0;0;0;19;0.950438596
sweing;3;0.8;22.52;6840;100;0;0;0;57;0.950185965
finishing ;2;0.8;3.94;1200;0;0;0;0;10;0.912766667
finishing ;7;0.7;3.94;2160;0;0;0;0;18;0.892194444
finishing ;10;0.8;3.94;1200;0;0;0;0;10;0.8865
sweing;10;0.8;22.52;6720;75;0;0;0;56;0.850532143
sweing;4;0.8;22.52;7020;60;0;0;0;58.5;0.85011396
finishing ;4;0.8;4.3;1440;0;0;0;0;12;0.845069444
sweing;9;0.75;29.12;6960;45;0;0;0;58;0.750593103
sweing;12;0.75;15.26;1440;45;0;0;0;35;0.750450658
finishing ;12;0.75;4.08;1080;0;0;0;0;9;0.702666667
sweing;11;0.7;20.1;6120;75;0;0;0;54;0.700508929
sweing;6;0.65;18.79;3960;26;0;0;0;33;0.651007071
sweing;8;0.6;24.26;6600;0;0;0;0;55;0.466821212
sweing;7;0.7;24.26;6720;0;0;0;0;56;0.411553571
finishing ;6;0.6;2.9;1200;0;0;0;0;10;0.314166667
sweing;1;0.8;22.94;7020;113;0;0;0;58.5;1.000602279
finishing ;9;0.75;3.94;960;0;0;0;0;8;0.994270833
sweing;2;0.8;22.52;7020;88;0;0;0;58.5;0.900158405
sweing;3;0.8;22.52;6840;70;0;0;0;57;0.90014152
sweing;10;0.8;22.52;6720;88;0;0;0;56;0.900129762
finishing ;10;0.8;3.94;1200;0;0;0;0;10;0.85695
finishing ;4;0.8;4.3;1440;0;0;0;0;12;0.809236111
sweing;12;0.8;15.26;3600;63;0;0;0;35;0.800401961
sweing;4;0.8;22.52;5940;50;0;0;0;56.5;0.800393224
sweing;9;0.75;29.12;6960;55;0;0;0;58;0.799963218
finishing ;12;0.75;4.08;1080;0;0;0;0;9;0.740444444
sweing;11;0.7;20.55;6480;60;0;0;0;54;0.700398148
sweing;6;0.7;18.79;3960;30;0;0;0;33;0.700354545
finishing ;8;0.65;4.15;960;0;0;0;0;8;0.561979167
finishing ;1;0.75;3.94;2280;0;0;0;0;19;0.504596491
sweing;5;0.5;30.1;6960;0;0;0;0;58;0.500801724
sweing;7;0.7;24.26;6720;0;0;0;0;56;0.295307738
finishing ;6;0.6;2.9;1200;0;0;0;0;10;0.280333333
sweing;8;0.65;24.26;6600;0;0;0;0;55;0.260978788
finishing ;2;0.8;3.94;2400;0;0;0;0;20;1.001416667
sweing;1;0.8;22.52;6900;113;0;0;0;57.5;1.000018551
sweing;10;0.8;22.52;6720;90;0;0;0;56;0.999995238
finishing ;1;0.8;3.94;1200;0;0;0;0;10;0.99485
finishing ;8;0.7;4.15;960;0;0;0;0;8;0.976979167
sweing;3;0.8;22.52;6840;100;0;0;0;57;0.950185965
sweing;2;0.8;22.52;6960;100;0;0;0;58;0.949981609
finishing ;9;0.75;3.94;1320;0;0;0;0;11;0.919954545
sweing;4;0.8;22.52;5460;63;0;0;0;56.5;0.800434622
sweing;12;0.8;15.26;2040;50;0;0;0;35;0.800259023
finishing ;12;0.8;4.08;1080;0;0;0;0;9;0.778222222
sweing;9;0.75;29.12;6960;34;0;0;0;58;0.750593103
sweing;11;0.7;25.31;5760;60;0;0;0;54;0.700513566
sweing;6;0.7;18.79;4020;30;0;0;0;33.5;0.700184577
sweing;8;0.7;24.26;6660;0;0;0;0;55.5;0.586465465
sweing;7;0.7;24.26;6720;0;0;0;0;56;0.541517857
finishing ;4;0.8;4.3;1440;0;0;0;0;12;0.5375
finishing ;6;0.7;2.9;960;0;0;0;0;8;0.495416667
sweing;5;0.6;30.1;6960;0;0;0;0;58;0.415172414
sweing;2;0.8;22.52;6900;100;0;0;0;57.5;1.05028058
sweing;3;0.8;22.52;6840;113;0;0;0;57;1.000230409
sweing;10;0.8;22.52;6720;113;0;0;0;56;0.999995238
finishing;2;0.8;3.94;2160;0;0;0;0;18;0.966759259
finishing;1;0.8;3.94;1200;0;0;0;0;10;0.929183333
finishing;8;0.7;4.15;3000;0;0;0;0;25;0.915766667
sweing;1;0.8;22.52;6900;88;0;0;0;57.5;0.900147246
sweing;12;0.8;15.26;4080;38;0;0;0;34;0.800401961
sweing;9;0.8;22.52;6960;50;0;0;0;58;0.799963218
finishing;7;0.7;3.94;960;0;0;0;0;8;0.779791667
finishing;9;0.75;3.94;960;0;0;0;0;8;0.755166667
sweing;6;0.7;18.79;3360;30;0;0;0;33;0.700710417
sweing;7;0.7;24.26;6960;0;0;0;0;58;0.700612069
sweing;11;0.7;10.05;6120;60;0;0;0;53;0.700278846
sweing;8;0.7;29.12;6840;0;0;0;0;57;0.700135088
finishing ;12;0.8;4.08;1080;0;0;0;0;9;0.687555556
sweing;5;0.65;30.1;5820;0;90;10;0;58.5;0.650834808
finishing;6;0.7;2.9;960;0;0;0;0;8;0.531666667
sweing;4;0.35;30.1;6060;23;150;15;0;55.5;0.350706422
sweing;2;0.8;22.52;6780;113;0;0;0;56.5;1.000446018
sweing;1;0.8;22.52;6900;113;0;0;0;57.5;1.000018551
sweing;10;0.8;22.52;6720;113;0;0;0;56;0.999995238
finishing;2;0.8;3.94;2640;0;0;0;0;22;0.999924242
sweing;3;0.8;22.52;6840;100;0;0;0;57;0.950185965
finishing;6;0.7;2.9;960;0;0;0;0;8;0.9425
finishing;12;0.8;4.08;1080;0;0;0;0;9;0.906666667
finishing;7;0.7;3.94;1200;0;0;0;0;10;0.8471
finishing;1;0.8;3.94;1440;0;0;0;0;12;0.845458333
sweing;12;0.8;15.26;720;38;0;0;0;34;0.800612676
sweing;9;0.8;29.12;6960;50;0;0;0;58;0.799963218
finishing;10;0.8;3.94;960;0;0;0;0;8;0.771583333
sweing;11;0.75;10.05;2520;34;0;0;0;26;0.7504
sweing;6;0.7;18.79;2760;30;0;0;0;33;0.700079032
sweing;5;0.7;30.1;6960;0;0;0;0;58;0.562212644
sweing;7;0.07;24.26;6960;0;0;0;0;58;0.522844828
sweing;4;0.5;30.1;6360;23;0;0;1;53;0.500720126
sweing;8;0.7;24.26;6840;0;0;0;0;57;0.496549708
finishing;2;0.8;3.94;3000;0;0;0;0;25;1.050666667
sweing;2;0.8;22.52;6900;113;0;0;0;58;1.000018551
sweing;3;0.8;22.52;6840;100;0;0;0;57;0.950185965
sweing;1;0.8;22.52;6780;88;0;0;0;57;0.900135693
sweing;10;0.8;22.52;6720;88;0;0;0;56;0.900129762
finishing;12;0.8;4.08;1080;0;0;0;0;9;0.899111111
finishing;1;0.8;3.94;1200;0;0;0;0;10;0.870083333
finishing;6;0.75;2.9;960;0;0;0;0;8;0.845833333
sweing;12;0.8;15.26;4080;63;0;0;0;34;0.800401961
sweing;9;0.8;29.12;6960;50;0;0;0;58;0.799963218
finishing;9;0.8;3.94;960;0;0;0;0;8;0.771583333
sweing;6;0.75;18.79;1560;34;0;0;0;33;0.750520115
sweing;11;0.75;10.05;3240;45;0;0;0;27;0.750027778
finishing;7;0.7;3.94;1200;0;0;0;0;10;0.715766667
sweing;7;0.7;24.26;6960;0;270;45;0;58;0.662270115
sweing;4;0.6;30.1;6780;30;0;0;1;57;0.600224189
sweing;5;0.7;30.1;7500;0;0;0;0;59;0.545657673
finishing;4;0.8;4.3;960;0;0;0;0;8;0.447916667
sweing;8;0.7;24.26;6840;0;300;37;0;57;0.365318713
sweing;2;0.8;22.52;6900;113;0;0;0;57.5;1.000018551
finishing;7;0.7;4.15;1440;0;0;0;0;12;0.928680556
sweing;10;0.8;22.52;6720;88;0;0;0;56;0.9008
sweing;1;0.8;22.52;6780;88;0;0;0;56.5;0.900135693
sweing;3;0.8;22.52;6720;88;0;0;0;56;0.900129762
finishing;1;0.8;3.94;1200;0;0;0;0;10;0.893066667
finishing;12;0.8;4.08;1080;0;0;0;0;9;0.891555556
finishing;2;0.8;3.94;2160;0;0;0;0;18;0.875555556
finishing;8;0.7;4.15;1800;0;0;0;0;15;0.840888889
sweing;12;0.8;15.26;2880;63;0;0;0;34;0.800355208
sweing;9;0.8;29.12;6960;50;0;0;0;58;0.799963218
sweing;6;0.75;18.79;3960;34;0;0;0;33;0.75065101
sweing;11;0.75;10.05;3240;45;0;0;0;27;0.750027778
sweing;5;0.7;30.1;7020;0;0;0;0;58.5;0.700618234
finishing;6;0.75;2.9;960;0;0;0;0;8;0.610208333
finishing;9;0.8;3.94;960;0;0;0;0;8;0.607416667
sweing;4;0.65;30.1;6780;44;0;0;1;56.5;0.568259587
sweing;7;0.7;24.26;6960;0;0;0;0;58;0.355534483
sweing;8;0.7;24.26;6840;0;0;0;0;57;0.353259649
finishing;2;0.8;3.94;2160;0;0;0;0;18;1.057962963
finishing;1;0.8;3.94;1200;0;0;0;0;10;0.962016667
sweing;10;0.8;22.52;120;88;0;0;0;56;0.9008
sweing;1;0.8;22.52;3600;70;0;0;0;57;0.900509044
sweing;2;0.8;22.52;360;70;0;0;0;57;0.900477825
finishing;6;0.75;2.9;960;0;0;0;0;8;0.888125
sweing;12;0.8;15.26;4080;63;0;0;0;34;0.800401961
sweing;3;0.8;22.52;5400;50;0;0;0;57;0.800161172
sweing;9;0.8;29.12;6960;50;0;0;0;58;0.799963218
sweing;4;0.7;30.1;3300;50;0;0;1;57;0.790003236
sweing;11;0.75;10.05;0;45;0;0;0;54;0.750648148
finishing;8;0.35;4.15;1800;0;0;0;0;15;0.707111111
sweing;5;0.7;30.1;7020;40;0;0;0;58;0.700618234
finishing;9;0.8;3.94;960;0;0;0;0;8;0.697708333
sweing;6;0.75;18.79;4080;0;0;0;0;34;0.612517157
sweing;7;0.35;30.1;6960;0;0;0;1;58;0.350301724
sweing;8;0.35;30.1;6960;0;0;0;1;58;0.350301724
finishing;12;0.8;4.08;1080;0;0;0;0;9;272
finishing;12;0.8;4.08;1080;0;0;0;0;9;1.004888889
finishing;2;0.8;3.94;2160;0;0;0;0;18;0.966759259
sweing;10;0.8;22.52;0;88;0;0;0;56;0.90063244
sweing;1;0.8;22.52;0;88;0;0;0;57;0.90047076
sweing;3;0.8;22.52;0;88;0;0;0;57;0.90047076
sweing;2;0.8;22.52;0;88;0;0;0;57;0.899984058
finishing;1;0.8;3.94;1440;0;0;0;0;12;0.853666667
sweing;9;0.8;29.12;2160;38;0;0;0;58;0.8008
sweing;12;0.8;15.26;4080;50;0;0;0;34;0.800401961
finishing;4;0.7;4.15;1800;0;0;0;0;15;0.796755556
sweing;6;0.75;18.79;2400;0;0;0;0;34;0.750797009
sweing;11;0.8;10.05;3240;34;0;0;0;54;0.750648148
sweing;5;0.75;30.1;7020;45;0;0;0;58;0.750356125
finishing;8;0.35;4.15;960;0;0;0;0;8;0.703770833
sweing;4;0.7;30.1;7020;40;0;0;1;58;0.700618234
finishing;9;0.8;3.94;960;0;0;0;0;8;0.6895
finishing;6;0.75;2.9;960;0;0;0;0;8;0.628333333
sweing;7;0.5;30.1;6960;23;0;0;1;58;0.500801724
sweing;8;0.5;30.1;6960;30;0;0;1;58;0.393548851
finishing;4;0.7;4.15;1800;0;0;0;0;15;1.033155556
finishing;12;0.8;4.08;1080;0;0;0;0;9;1.02
sweing;2;0.8;22.52;0;90;0;0;0;57.5;1.000344928
sweing;1;0.8;22.52;0;113;0;0;0;57;1.000065789
finishing;8;0.35;4.15;1440;0;0;0;0;12;0.994375
finishing;2;0.8;3.94;2160;0;0;0;0;18;0.912037037
finishing;5;0.7;4.15;240;0;0;0;0;2;0.87
sweing;10;0.8;22.52;0;75;0;0;0;56;0.850364583
sweing;6;0.8;18.79;3480;38;0;0;0;34;0.800947475
sweing;12;0.8;15.26;4080;50;0;0;0;34;0.800401961
sweing;9;0.8;29.12;3240;50;0;0;0;58;0.800144144
sweing;5;0.75;30.1;7380;56;0;0;0;59.5;0.750406233
sweing;8;0.6;30.1;4560;30;0;0;1;58;0.714410494
sweing;4;0.7;30.1;5940;40;0;0;1;59.5;0.700588406
finishing;1;0.8;3.94;1440;0;0;0;0;12;0.618361111
sweing;7;0.6;30.1;3360;23;0;0;1;58;0.600070513
finishing;9;0.8;3.94;960;0;0;0;0;8;0.54175
sweing;3;0.8;22.52;6840;0;0;0;1;57;0.536901754
sweing;11;0.35;11.41;3240;0;0;0;1;52;0.507903226
sweing;1;0.8;22.52;0;138;0;0;0;57;1.100483918
finishing;4;0.7;4.15;1800;0;0;0;0;15;1.096633333
sweing;2;0.8;22.52;0;113;0;0;0;57.5;1.000344928
finishing;12;0.8;4.08;1080;0;0;0;0;9;0.838666667
sweing;12;0.8;15.26;4080;50;0;0;0;34;0.800401961
finishing;8;0.35;4.15;1440;0;0;0;0;12;0.755486111
sweing;5;0.75;30.1;7080;56;0;0;0;59;0.750799435
sweing;6;0.8;18.79;3960;0;0;0;0;33;0.688017677
finishing;1;0.8;3.94;1440;0;0;0;0;12;0.664875
finishing;9;0.8;3.94;960;0;0;0;0;8;0.656666667
sweing;4;0.7;30.1;7080;0;0;0;1;59;0.637711864
finishing;2;0.8;3.94;2160;0;0;0;0;18;0.601944444
finishing;5;0.7;4.15;240;0;0;0;0;2;0.58
sweing;7;0.65;30.1;7080;0;0;0;1;59;0.535677966
sweing;11;0.5;11.41;2280;0;0;0;2;55;0.50012336
sweing;9;0.8;29.12;6960;0;0;0;0;58;0.497885057
sweing;8;0.65;30.1;7080;0;0;0;1;59;0.463403955
sweing;10;0.8;22.52;6000;0;0;0;0;50;0.441392
sweing;3;0.35;30.1;6960;0;0;0;1;58;0.350301724
sweing;1;0.8;22.52;6840;113;0;0;0;57;1.000230409
finishing;7;0.7;4.15;1800;0;0;0;0;15;0.929277778
finishing;4;0.75;4.15;2400;0;0;0;0;20;0.902916667
finishing;12;0.8;4.08;1080;0;0;0;0;9;0.800888889
sweing;12;0.8;15.26;4080;63;0;0;0;34;0.800401961
sweing;2;0.8;22.52;3660;63;0;0;0;57;0.80037492
finishing;1;0.8;3.94;1440;0;0;0;0;12;0.796208333
sweing;4;0.75;30.1;7140;0;0;0;1;59;0.750392157
sweing;5;0.75;30.1;7140;56;0;0;0;59;0.750392157
finishing;8;0.7;4.15;960;0;0;0;0;8;0.725625
sweing;8;0.7;30.1;5160;0;0;0;1;60;0.700206125
sweing;7;0.7;30.1;7200;0;0;0;1;60;602
sweing;11;0.6;11.41;2280;23;0;0;2;55;0.600447507
sweing;6;0.8;18.79;4080;0;0;0;0;34;0.557252451
sweing;3;0.5;30.1;6960;30;0;0;1;58;0.500801724
finishing;6;0.8;2.9;960;0;0;0;0;8;0.483333333
finishing;9;0.8;3.94;960;0;0;0;0;8;0.238041667
finishing;1;0.8;3.94;960;0;0;0;0;8;1.1204375
finishing;2;0.8;3.94;960;0;0;0;0;8;1.108125
sweing;1;0.8;22.52;6840;113;0;0;0;57;1.000230409
finishing;12;0.8;4.08;1080;0;0;0;0;9;0.876444444
sweing;12;0.8;15.26;1440;50;0;0;0;34;0.800806306
finishing;5;0.75;4.15;240;0;0;0;0;2;0.760833333
sweing;5;0.8;30.1;7140;0;0;0;0;59.5;0.722568627
finishing;11;0.6;2.9;1200;0;0;0;0;10;0.715333333
sweing;7;0.7;30.1;7080;0;0;0;1;59;0.700632768
sweing;8;0.7;30.1;5880;40;2;10;1;59;0.700573099
sweing;6;0.75;18.79;4080;0;0;0;0;34;0.681598039
sweing;11;0.65;11.41;2640;23;0;0;2;53;0.650223718
finishing;8;0.7;4.15;960;0;0;0;0;8;0.605208333
finishing;6;0.8;2.9;960;0;0;0;0;8;0.604166667
sweing;4;0.75;30.1;7140;0;0;0;1;59.5;0.598627451
sweing;3;0.6;30.1;6960;30;0;0;1;58;0.475718391
sweing;2;0.8;22.52;6900;0;0;0;0;57.5;0.432122899
finishing;4;0.75;4.15;2400;0;0;0;0;20;0.287041667
sweing;9;0.5;18.79;5280;0;0;0;1;54;0.283054487
sweing;1;0.8;22.52;6840;113;0;0;0;57;1.000230409
finishing;9;0.8;3.94;1200;0;0;0;0;10;0.960433333
finishing;12;0.8;4.08;1080;0;0;0;0;9;0.891555556
finishing;3;0.5;4.15;960;0;0;0;0;8;0.864583333
sweing;3;0.65;30.1;600;63;0;0;1;58;0.802243319
sweing;5;0.8;30.1;0;0;0;0;0;59;0.800980392
sweing;12;0.8;15.26;3720;38;0;0;0;34;0.800312375
finishing;6;0.8;2.9;960;0;0;0;0;8;0.773333333
sweing;6;0.75;18.79;3960;0;0;0;0;33;0.75065101
sweing;4;0.75;30.1;7020;0;0;0;1;58;0.750356125
finishing;4;0.75;4.15;1800;0;0;0;0;15;0.722333333
sweing;7;0.7;30.1;600;30;0;0;1;59;0.700459889
finishing;5;0.75;4.15;1200;0;0;0;0;10;0.629416667
sweing;8;0.7;30.1;7080;27;2;10;2;59;0.621971751
sweing;11;0.7;11.41;2160;30;0;0;2;54;0.565972222
sweing;10;0.6;18.22;5280;0;0;0;1;44;0.35542803
sweing;9;0.6;18.79;5400;0;0;0;1;54;0.329964879
finishing;7;0.7;4.15;1800;0;0;0;0;15;258
sweing;1;0.8;22.52;6840;113;0;0;0;57;1.000230409
finishing;10;0.8;3.94;960;0;0;0;0;8;0.927541667
finishing;7;0.7;5.13;1200;0;0;0;0;10;0.91375
finishing;12;0.8;5.13;1080;0;0;0;0;9;0.9025
sweing;12;0.8;15.26;4080;38;0;0;0;34;0.800401961
finishing;3;0.5;5.13;1800;0;0;0;0;15;0.7866
sweing;6;0.75;18.79;3360;0;0;0;0;33;0.750621354
sweing;4;0.75;30.1;7020;45;0;0;1;58;0.750356125
finishing;6;0.8;2.9;960;0;0;0;0;8;0.749166667
sweing;7;0.7;30.1;840;30;0;0;1;59;0.700888203
sweing;11;0.7;11.41;3420;30;0;0;2;56;0.700614035
sweing;3;0.7;30.1;6960;50;0;0;1;58;0.700603448
finishing;4;0.75;5.13;960;0;0;0;0;8;0.656666667
sweing;5;0.8;30.1;7140;0;0;0;0;59;0.653431373
sweing;9;0.65;18.79;5520;0;0;0;1;51;0.650134
sweing;8;0.6;29.4;0;23;5;30;2;58;0.600982906
finishing;9;0.8;3.94;960;0;0;0;0;8;0.586041667
finishing;2;0.8;5.13;1800;0;0;0;0;15;0.5814
sweing;2;0.5;30.33;6720;0;0;0;1;56;0.361071429
sweing;10;0.65;18.22;0;0;8;35;1;49;0.302117347
finishing;12;0.8;5.13;1200;0;0;0;0;10;0.9918
finishing;6;0.8;2.9;1440;0;0;0;0;12;0.936861111
finishing;2;0.8;5.13;1440;0;0;0;0;12;0.919125
sweing;11;0.7;11.41;3360;30;0;0;2;56;0.8211125
sweing;4;0.8;30.1;480;50;0;0;1;58;0.800980392
sweing;5;0.8;30.1;0;0;0;0;0;59;0.800980392
sweing;12;0.8;15.26;4080;63;0;0;0;34;0.800401961
sweing;1;0.8;22.52;3960;63;0;0;0;57;0.800279693
sweing;6;0.75;18.79;3960;34;0;0;0;33;0.75065101
sweing;7;0.75;30.1;2280;45;0;0;1;59;0.75053268
finishing;4;0.75;5.13;960;0;0;0;0;8;0.734645833
sweing;3;0.7;30.1;0;40;0;0;1;58;0.700603448
sweing;9;0.7;18.79;4560;30;0;0;1;51;0.70009573
finishing;7;0.7;5.13;960;0;0;0;0;8;0.671875
finishing;10;0.8;3.94;960;0;0;0;0;8;0.64025
finishing;8;0.7;5.13;960;0;0;0;0;8;0.58
finishing;9;0.8;3.94;960;0;0;0;0;8;0.549791667
sweing;2;0.6;30.33;6840;0;0;0;1;57;0.328131579
sweing;10;0.7;19.68;5640;0;8;35;1;47;0.303574468
finishing;3;0.5;5.13;960;0;0;0;0;8;0.2565
sweing;8;0.65;29.4;4560;0;4.5;30;2;57;0.251399254
finishing;3;0.5;5.13;2880;0;0;0;0;12;0.81640625
sweing;12;0.8;15.26;1080;38;0;0;0;34;0.800711494
sweing;1;0.8;22.52;3840;63;0;0;0;57;0.800470513
sweing;4;0.8;30.1;7020;63;0;0;1;58.5;0.800094017
sweing;5;0.8;30.1;600;63;3.5;15;0;59.5;0.799982853
finishing;6;0.8;2.9;4320;0;0;0;0;18;0.785864198
sweing;6;0.75;18.79;3960;56;0;0;0;33;0.75065101
finishing;10;0.8;3.94;2400;0;0;0;0;10;0.733277778
finishing;2;0.8;5.13;3600;0;0;0;0;15;0.710125
sweing;3;0.7;30.1;6960;50;0;0;1;58;0.700603448
sweing;11;0.7;11.41;3480;30;0;0;2;58;0.700540441
sweing;8;0.7;29.4;6240;0;0;0;2;57;0.7
finishing;4;0.75;5.13;1920;0;0;0;0;8;0.684027778
finishing;8;0.7;5.13;1920;0;0;0;0;8;0.672135417
sweing;9;0.7;18.79;6120;30;0;0;1;51;0.638614379
finishing;5;0.75;5.13;1920;0;0;0;0;8;0.631354167
sweing;7;0.75;30.1;0;0;5;20;1;59;0.611140537
finishing;12;0.8;5.13;2160;0;0;0;0;9;0.609583333
sweing;2;0.65;30.33;6840;0;0;0;1;57;0.585315789
sweing;10;0.7;19.68;5760;0;0;0;1;48;0.249416667
finishing;3;0.5;5.13;1800;0;0;0;0;15;0.8721
finishing;6;0.8;2.9;960;0;0;0;0;8;0.8319375
finishing;2;0.8;5.13;4800;0;0;0;0;20;0.8300625
finishing;11;0.6;2.9;2880;0;0;0;0;12;0.805555556
sweing;12;0.8;15.26;4080;63;0;0;0;34;0.800401961
sweing;4;0.8;30.1;5820;63;0;0;1;59;0.80000295
finishing;12;0.8;5.13;2400;0;0;0;0;10;0.78375
finishing;9;0.8;3.94;2400;0;0;0;0;10;0.753525
sweing;6;0.75;18.79;3960;45;0;0;0;33;0.75065101
finishing;1;0.8;3.94;2880;0;0;0;0;12;0.727349537
sweing;8;0.7;29.4;6840;40;0;0;2;57;0.700614035
sweing;2;0.7;30.33;6840;0;0;0;1;57;0.700605263
sweing;11;0.75;11.41;3480;0;0;0;2;58;0.672140805
sweing;9;0.7;18.79;3240;30;0;0;1;57;0.627011183
sweing;3;0.7;30.1;8160;33;0;0;2;58;0.626577778
sweing;10;0.7;21.25;6000;0;0;0;1;50;0.456875
sweing;7;0.75;30.1;6960;0;3.5;20;1;58;0.393548851
finishing;10;0.8;3.94;960;0;0;0;0;8;0.385791667
sweing;5;0.8;30.1;5700;0;4.5;25;0;60;0.307501459
finishing;7;0.7;5.13;960;0;0;0;0;8;0.283958333
finishing;10;0.8;3.94;2400;0;0;0;0;20;0.955791667
finishing;8;0.7;5.13;960;0;0;0;0;8;0.930416667
finishing;12;0.8;5.13;1080;0;0;0;0;9;0.9025
finishing;3;0.8;5.13;2160;0;0;0;0;18;0.87115
sweing;12;0.8;15.26;4080;63;0;0;0;34;0.800401961
sweing;4;0.8;30.1;7140;38;0;0;1;59;0.800137255
sweing;5;0.8;30.1;7140;38;0;0;0;59;0.800137255
sweing;7;0.75;30.1;6960;45;0;0;1;58;0.750770115
sweing;6;0.75;18.79;3960;45;0;0;0;33;0.75065101
sweing;11;0.75;11.41;2820;0;0;0;2;58;0.750293939
sweing;2;0.7;30.33;2160;30;0;0;1;58;0.700623
sweing;8;0.7;29.4;6840;40;0;0;2;57;0.700614035
sweing;3;0.7;29.4;6960;30;0;0;2;58;0.700362069
sweing;9;0.7;18.79;6000;40;0;0;1;50;0.60128
sweing;10;0.7;21.25;6000;0;0;0;1;50;0.417916667
finishing;6;0.8;2.9;960;0;0;0;0;8;0.3715625
finishing;9;0.8;2.9;960;0;0;0;0;8;0.3715625
finishing;2;0.8;5.13;960;0;0;0;0;8;0.36871875
finishing;7;0.7;5.13;960;0;0;0;0;8;0.356458333
finishing;10;0.7;2.9;1800;0;0;0;0;15;0.902222222
finishing;3;0.8;4.6;1440;0;0;0;0;12;0.811388889
sweing;12;0.8;15.26;4080;50;0;0;0;34;0.800401961
sweing;5;0.8;30.1;7140;50;0;0;0;60;0.800137255
sweing;4;0.8;30.1;6480;50;0;0;1;59;0.800071839
finishing;8;0.7;4.6;960;0;0;0;0;8;0.791458333
sweing;7;0.75;30.1;5640;45;0;0;1;59;0.750727326
sweing;6;0.75;18.79;3360;45;0;0;0;33;0.75065101
sweing;11;0.75;11.61;3360;34;0;0;2;57;0.750437269
sweing;3;0.75;29.4;5340;45;0;0;2;60;0.750176991
finishing;6;0.75;2.9;1800;0;0;0;0;15;0.726933333
finishing;9;0.7;2.9;1800;0;0;0;0;15;0.726933333
sweing;2;0.7;30.33;1680;30;0;0;1;59;0.700623
sweing;8;0.7;29.4;4560;40;0;0;2;58;0.700518519
sweing;9;0.7;18.79;3000;30;0;0;1;52;0.700256795
finishing;11;0.7;2.9;960;0;0;0;0;8;0.5046875
sweing;10;0.7;21.25;6360;0;0;0;1;53;0.471108491
finishing;2;0.7;3.9;960;0;0;0;0;8;325
sweing;1;0.6;22.53;5040;0;0;0;1;42;0.268214286
sweing;9;0.75;18.79;6240;56;0;0;1;52;0.970816667
finishing;5;0.8;4.6;1080;0;0;0;0;9;0.902962963
finishing;3;0.8;4.6;2400;0;0;0;0;20;0.900833333
finishing;12;0.8;4.6;1800;0;0;0;0;15;0.899555556
finishing;10;0.7;2.9;1200;0;0;0;0;10;0.845833333
sweing;4;0.8;30.1;4080;50;0;0;1;59;0.800808642
sweing;12;0.8;15.26;4080;50;0;0;0;34;0.800401961
sweing;7;0.8;30.1;7080;50;0;0;2;59;0.800115819
sweing;6;0.75;18.79;3960;45;0;0;1;33;0.75065101
sweing;11;0.75;11.61;3360;45;0;0;0;57;0.750503571
sweing;3;0.75;29.4;6960;45;0;0;2;58;0.750206897
sweing;8;0.7;29.4;6960;30;0;0;1;58;0.700362069
sweing;2;0.7;30.33;3960;30;0;0;1;58;0.700069811
sweing;10;0.7;21.82;6240;0;0;0;2;52;0.700058333
finishing;7;0.75;4.6;960;0;0;0;0;8;0.676666667
finishing;8;0.7;4.6;960;0;0;0;0;8;0.658541667
sweing;5;0.8;30.1;1200;49;0;0;1;59;0.598792339
sweing;1;0.65;22.53;5040;0;0;0;1;42;0.581130952
finishing;2;0.7;3.9;960;0;0;0;0;8;0.440375
finishing;6;0.75;2.9;960;0;0;0;0;8;0.410833333
finishing;9;0.7;2.9;960;0;0;0;0;8;0.410833333
finishing;3;0.8;4.6;6300;0;0;0;0;15;0.921703704
finishing;5;0.8;4.6;7560;0;0;0;0;18;0.921604938
sweing;7;0.8;30.1;4080;50;0;0;1;59;0.800808642
sweing;11;0.8;11.61;2820;50;0;0;2;57;0.800516667
sweing;12;0.8;15.26;4080;63;0;0;0;34;0.800401961
finishing;1;0.5;3.94;3360;0;0;0;0;8;0.768847222
sweing;6;0.75;18.79;3960;45;0;0;0;33;0.75065101
sweing;3;0.75;29.4;6840;45;0;0;2;57;0.750473684
sweing;9;0.75;18.79;5640;45;0;0;1;52;0.750371895
sweing;8;0.75;29.4;6960;56;0;0;2;58;0.750206897
sweing;10;0.7;21.82;3240;0;0;0;1;52;0.700251773
sweing;2;0.7;30.33;6960;0;0;0;1;58;0.66237931
finishing;12;0.8;4.6;3780;0;0;0;0;9;0.590617284
finishing;2;0.7;3.9;960;0;0;0;0;8;0.5565625
sweing;4;0.8;30.1;7080;32;0;0;2;59;0.495617514
sweing;5;0.35;27.48;6840;38;0;0;1;57;0.449964912
finishing;10;0.7;2.9;3360;0;0;0;0;8;0.410833333
finishing;9;0.75;2.9;960;0;0;0;0;8;0.4078125
sweing;1;0.35;26.66;6600;23;0;0;2;55;0.378895152
finishing;8;0.75;4.6;3360;0;0;0;0;8;0.376597222
finishing;6;0.75;2.9;3360;0;0;0;0;8;0.271875
finishing;3;0.8;4.6;6300;0;0;0;0;15;0.921703704
finishing;5;0.8;4.6;7560;0;0;0;0;18;0.921604938
sweing;11;0.8;11.61;0;50;0;0;2;58;0.800779018
sweing;12;0.8;15.26;1700;62;0;0;0;34;0.800260821
sweing;7;0.8;30.1;840;38;0;0;1;59;0.799982853
finishing;1;0.5;3.94;3360;0;0;0;0;8;0.768847222
sweing;3;0.75;29.4;4440;45;0;0;2;57;0.750716981
sweing;6;0.75;18.79;3960;45;0;0;0;33;0.75065101
sweing;8;0.75;29.4;4560;56;0;0;2;58;0.750425926
sweing;9;0.75;18.79;6240;45;0;0;1;52;0.750395513
sweing;10;0.7;21.82;6120;40;0;0;1;51;0.700236601
sweing;2;0.7;30.33;4560;0;0;0;1;58;0.700211111
finishing;12;0.8;4.6;3780;0;0;0;0;9;0.590617284
finishing;2;0.7;3.9;960;0;0;0;0;8;0.5565625
sweing;5;0.5;27.48;6840;30;0;0;1;57;0.550403509
sweing;1;0.5;26.66;6840;30;0;0;2;57;0.550349708
sweing;4;0.5;26.66;6960;23;0;0;2;58;0.500258046
finishing;10;0.7;2.9;3360;0;0;0;0;8;0.410833333
finishing;9;0.75;2.9;960;0;0;0;0;8;0.4078125
finishing;8;0.75;4.6;3360;0;0;0;0;8;0.376597222
finishing;6;0.75;2.9;3360;0;0;0;0;8;0.271875
finishing;3;0.8;4.6;10500;0;0;0;0;25;0.936355556
finishing;8;0.75;4.6;3360;0;0;0;0;8;0.813611111
sweing;12;0.8;15.26;4080;63;0;0;0;34;0.800401961
sweing;8;0.75;29.4;6240;56;0;0;0;57;0.75075
sweing;6;0.75;18.79;3960;45;0;0;0;33;0.75065101
sweing;3;0.75;29.4;6840;45;0;0;0;57;0.750473684
sweing;9;0.75;18.79;6240;34;0;0;0;52;0.750395513
sweing;5;0.6;27.48;6720;38;0;0;0;56;0.707446429
sweing;10;0.7;21.82;5640;30;0;0;0;52;0.700236601
sweing;1;0.6;26.66;6840;38;0;0;0;57;0.700019883
sweing;2;0.7;30.33;1800;0;0;0;0;58;0.683550607
sweing;11;0.8;11.61;0;50;4;20;0;57;0.682433036
finishing;4;0.6;3.94;960;0;0;0;0;8;0.673083333
finishing;10;0.7;2.9;3360;0;0;0;0;8;0.664583333
sweing;4;0.6;26.66;6840;23;0;0;0;57;0.600239766
finishing;2;0.7;3.9;960;0;0;0;0;8;585
sweing;7;0.8;30.1;6960;0;3.5;15;0;58;0.579511494
finishing;1;0.6;3.94;3360;0;0;0;0;8;0.448722222
finishing;9;0.75;2.9;960;0;0;0;0;8;0.447083333
finishing;7;0.8;4.6;3360;0;0;0;0;8;0.350416667
finishing;2;0.7;3.9;1200;0;0;0;0;10;0.92885
finishing;3;0.8;4.6;10080;0;0;0;0;24;0.86037037
finishing;4;0.65;3.94;960;0;0;0;0;8;0.806879167
sweing;1;0.65;26.66;6840;65;0;0;0;57;0.800579532
sweing;12;0.8;15.26;4080;63;0;0;0;34;0.800401961
finishing;9;0.75;2.9;1200;0;0;0;0;10;0.8004
sweing;11;0.8;11.61;0;50;0;0;0;57;0.800309211
sweing;3;0.8;29.4;4680;50;0;0;0;57;0.800149813
sweing;7;0.8;30.1;7080;0;0;0;0;59;0.800115819
finishing;8;0.75;4.6;3360;0;0;0;0;8;0.773333333
sweing;6;0.75;18.79;2880;34;0;0;0;33;0.750797009
sweing;8;0.75;29.4;6840;45;0;0;0;57;0.750473684
sweing;9;0.75;18.79;6240;45;0;0;0;52;0.750395513
sweing;4;0.65;26.66;6780;55;0;0;0;57;0.750254867
sweing;5;0.65;27.48;6720;34;0;0;0;56;0.700903571
sweing;10;0.7;21.82;3600;30;0;0;0;51;0.70013604
finishing;10;0.7;2.9;3360;0;0;0;0;8;0.632361111
finishing;12;0.8;4.6;3780;0;0;0;0;9;0.607654321
finishing;1;0.65;3.94;3360;0;0;0;0;8;0.537919444
finishing;7;0.8;4.6;3360;0;0;0;0;8;0.342361111
finishing;7;0.8;4.6;4200;0;0;0;0;10;0.999533333
finishing;3;0.8;4.6;6300;0;0;0;0;15;0.902962963
sweing;11;0.8;11.41;0;50;0;0;0;56;0.800701754
sweing;1;0.7;26.66;6960;60;0;0;0;58;0.800566092
sweing;12;0.8;15.26;4080;50;0;0;0;34;0.800401961
sweing;3;0.8;29.4;6840;50;0;0;0;57;0.800333333
sweing;7;0.8;30.1;7080;50;0;0;0;59;0.800115819
sweing;4;0.7;26.66;6960;50;0;0;0;58;0.750770115
sweing;8;0.75;29.4;6840;56;0;0;0;57;0.750473684
sweing;9;0.75;18.79;6240;34;0;0;0;52;0.750395513
sweing;6;0.75;20.2;3120;45;0;0;0;33;0.750212553
finishing;8;0.75;4.6;3360;0;0;0;0;8;0.702777778
sweing;5;0.7;27.48;6840;30;0;0;0;57;0.700659649
sweing;10;0.7;21.82;5040;30;0;0;0;51;0.699984417
finishing;12;0.8;4.6;3780;0;0;0;0;9;0.636049383
finishing;2;0.4;3.9;6300;0;0;0;0;15;0.567377778
finishing;1;0.7;3.94;3360;0;0;0;0;8;0.555430556
finishing;4;0.7;3.94;3360;0;0;0;0;8;0.555430556
finishing;10;0.7;2.9;3360;0;0;0;0;8;0.463194444
finishing;5;0.7;4.6;3360;0;0;0;0;8;0.354444444
finishing;6;0.75;2.9;3360;0;0;0;0;8;0.309333333
sweing;2;0.4;15.28;5400;0;6.5;30;1;45;0.30277037
finishing;3;0.8;4.6;1200;0;0;0;0;10;0.939166667
finishing;8;0.8;4.6;960;0;0;0;0;8;0.930416667
finishing;12;0.8;4.6;1080;0;0;0;0;9;0.885925926
finishing;9;0.75;2.9;960;0;0;0;0;8;0.83375
finishing;1;0.7;3.94;960;0;0;0;0;8;0.806879167
finishing;4;0.7;3.94;960;0;0;0;0;8;0.806058333
sweing;11;0.8;11.41;0;38;0;0;0;56;0.800701754
sweing;12;0.8;15.26;4080;50;0;0;0;34;0.800401961
sweing;3;0.8;29.4;6840;63;0;0;0;57;0.800333333
sweing;7;0.8;30.1;3960;50;0;0;0;59;0.800055762
sweing;4;0.7;26.82;6960;60;0;0;0;58;0.799975862
sweing;1;0.7;26.82;6960;50;0;0;0;58;0.750651724
sweing;9;0.75;18.79;6240;34;0;0;0;52;0.750395513
sweing;5;0.7;27.48;6960;40;0;0;0;58;0.700424138
sweing;10;0.7;21.82;5760;30;0;0;0;53;0.700058333
finishing;7;0.8;4.6;8400;0;0;0;0;20;0.684888889
finishing;5;0.7;4.6;960;0;0;0;0;8;0.592083333
finishing;2;0.5;3.9;960;0;0;0;0;8;0.5403125
sweing;8;0.8;29.4;6840;0;0;0;0;57;0.433263158
sweing;2;0.5;15.28;5520;0;0;0;1;46;0.404144928
sweing;6;0.75;18.79;3960;0;0;0;0;33;0.332146465
finishing;8;0.8;4.6;2640;0;0;0;0;22;0.980984848
finishing;2;0.6;3.9;960;0;0;0;0;8;0.950625
finishing;11;0.8;2.9;1200;0;0;0;0;10;0.927291667
finishing;12;0.8;4.6;1080;0;0;0;0;9;0.868888889
finishing;1;0.7;3.94;960;0;0;0;0;8;0.812625
finishing;4;0.7;3.94;960;0;0;0;0;8;0.812625
finishing;3;0.8;4.6;1800;0;0;0;0;15;0.810111111
sweing;11;0.8;11.41;3420;50;0;0;0;56;0.800701754
sweing;3;0.8;29.4;1800;63;0;0;0;57;0.800534979
sweing;12;0.8;15.26;4080;50;0;0;0;34;0.800401961
sweing;1;0.7;26.82;6960;50;0;0;0;58;0.750651724
sweing;9;0.75;18.79;6240;45;0;0;0;52;0.750395513
sweing;4;0.7;26.82;7080;50;0;0;0;59;0.750050847
sweing;5;0.7;27.48;6960;40;0;0;0;58;0.700424138
sweing;10;0.7;21.82;6000;30;0;0;0;50;0.700422
sweing;2;0.6;15.28;1320;0;0;0;1;46;0.600099145
finishing;9;0.75;2.9;960;0;0;0;0;8;0.453125
sweing;7;0.8;30.1;1200;0;4;40;0;59;0.366053523
sweing;6;0.35;22.53;2640;0;0;0;1;39;0.26369382
finishing;12;0.8;4.6;1080;0;0;0;0;9;0.868888889
sweing;12;0.8;15.26;4080;75;0;0;0;34;0.850520588
sweing;1;0.7;26.82;8160;70;0;0;0;58;0.850045
finishing;7;0.8;4.6;6000;0;0;0;0;25;0.825444444
finishing;5;0.35;3.94;2400;0;0;0;0;10;0.80575
sweing;4;0.7;26.82;6960;60;0;0;0;58;0.800746552
sweing;3;0.8;29.4;6840;63;0;0;1;57;0.800578947
sweing;11;0.8;11.41;3420;50;0;0;0;58;0.800034503
finishing;6;0.5;2.9;960;0;0;0;0;8;0.7975
sweing;9;0.75;18.79;3480;45;0;0;0;51;0.749987124
sweing;10;0.7;21.82;6000;30;0;0;0;50;0.700422
finishing;1;0.7;3.94;960;0;0;0;0;8;0.664875
finishing;4;0.7;3.94;960;0;0;0;0;8;0.664875
finishing;11;0.8;2.9;960;0;0;0;0;8;0.657083333
sweing;2;0.65;16.1;4200;0;0;0;1;45;0.65024031
finishing;8;0.8;4.6;3600;0;0;0;0;15;0.590740741
finishing;2;0.65;3.9;1920;0;0;0;0;8;0.528125
sweing;6;0.5;23.41;2280;0;0;0;1;39;0.500528095
sweing;5;0.7;27.48;6960;24;0;0;1;58;0.408960345
finishing;3;0.8;4.6;1440;0;0;0;0;12;0.951944444
finishing;12;0.8;4.6;1080;0;0;0;0;9;0.945555556
finishing;9;0.75;2.9;1080;0;0;0;0;9;0.929074074
finishing;1;0.75;3.94;960;0;0;0;0;8;0.890604167
finishing;4;0.75;3.94;960;0;0;0;0;8;0.890604167
finishing;2;0.7;3.9;1200;0;0;0;0;10;884
finishing;5;0.5;3.94;960;0;0;0;0;8;0.857916667
sweing;4;0.75;26.82;6840;65;0;0;0;57;0.850084211
sweing;1;0.75;26.82;6960;65;0;0;0;58;0.85007069
sweing;3;0.8;30.1;3360;50;0;0;1;57;0.800511068
sweing;12;0.8;15.26;4080;63;0;0;0;34;0.800401961
sweing;11;0.8;11.41;3420;50;0;0;0;58;0.800034503
finishing;11;0.8;2.9;960;0;0;0;0;8;0.755208333
sweing;9;0.75;18.79;5640;45;0;0;0;52;0.750371895
sweing;10;0.7;21.82;6000;30;0;0;0;50;0.700422
sweing;2;0.7;16.1;4800;30;0;0;1;45;0.700106061
sweing;6;0.6;23.41;2520;23;0;0;1;38;0.601037091
sweing;8;0.6;30.48;6720;0;0;0;1;56;0.600528571
sweing;5;0.5;26.82;7080;23;0;0;1;59;0.500033898
finishing;8;0.6;3.9;960;0;0;0;0;8;0.4509375
finishing;10;0.7;2.9;960;0;0;0;0;8;0.441041667
finishing;6;0.6;2.9;960;0;0;0;0;8;0.271875
finishing;11;0.8;2.9;0;960;0;0;0;8;0.960625
finishing;12;0.8;4.6;0;1080;0;0;0;9;0.902962963
finishing;5;0.6;3.94;0;2880;0;0;0;12;0.864342593
sweing;4;0.75;26.82;7020;65;0;0;0;58;0.850446154
sweing;1;0.75;26.82;7140;65;0;0;0;59;0.850426891
finishing;9;0.75;2.9;0;3600;0;0;0;15;841
sweing;3;0.8;30.1;5160;50;0;0;1;58;0.800842424
sweing;12;0.8;15.26;4080;63;0;0;0;34;0.800401961
sweing;11;0.8;11.41;3420;50;0;0;0;58;0.800034503
finishing;3;0.8;4.6;0;1440;0;0;0;12;0.795416667
finishing;4;0.75;3.94;0;960;0;0;0;8;0.7953875
finishing;1;0.75;3.94;0;960;0;0;0;8;0.794566667
sweing;9;0.75;18.79;6240;45;0;0;0;52;0.750395513
sweing;2;0.7;16.1;5520;30;0;0;1;45;0.700516224
sweing;10;0.7;21.82;6000;30;0;0;0;50;0.700422
finishing;2;0.7;3.9;0;1200;0;0;0;10;0.6825
sweing;6;0.65;23.41;4560;35;0;0;1;38;0.650962281
sweing;8;0.65;30.48;6720;26;0;0;1;56;0.650421429
sweing;5;0.6;26.82;7080;23;0;0;1;59;0.600040678
sweing;7;0.5;30.48;6600;0;0;0;1;55;0.500610909
finishing;10;0.7;2.9;0;960;0;0;0;8;0.477291667
finishing;8;0.65;3.9;0;960;0;0;0;8;0.2640625
finishing;12;0.8;4.6;1080;0;0;0;0;9;0.92
finishing;5;0.6;3.94;1440;0;0;0;0;12;0.909391667
sweing;1;0.75;26.82;7080;75;0;0;0;59;0.900061017
finishing;3;0.8;4.6;1440;0;0;0;0;12;0.894444444
finishing;4;0.75;3.94;960;0;0;0;0;8;0.881575
finishing;1;0.75;3.94;960;0;0;0;0;8;0.880754167
sweing;4;0.75;26.82;5880;65;0;0;0;59;0.850084211
finishing;9;0.75;2.9;1800;0;0;0;0;15;0.821666667
sweing;12;0.8;15.26;4080;63;0;0;0;34;0.800401961
sweing;3;0.8;30.1;6960;63;0;0;1;58;0.800071839
sweing;11;0.8;11.41;3420;50;0;0;0;58;0.800034503
finishing;11;0.8;2.9;960;0;0;0;0;8;0.758229167
sweing;10;0.75;21.82;6000;34;0;0;0;50;0.750608
sweing;9;0.75;18.79;6240;45;0;0;0;52;0.750395513
finishing;2;0.7;3.9;960;0;0;0;0;8;741
sweing;8;0.7;30.48;6840;30;0;0;1;57;0.700505263
sweing;6;0.7;23.41;4560;30;0;0;1;38;0.700246491
sweing;2;0.7;16.1;5400;40;0;0;1;45;0.700051852
sweing;5;0.65;26.82;7080;26;0;0;1;59;0.650044068
sweing;7;0.6;30.48;6840;25;0;0;1;57;0.630402924
finishing;8;0.65;3.9;960;0;0;0;0;8;0.560625
finishing;7;0.5;3.9;960;0;0;0;0;8;0.560625
finishing;10;0.7;2.9;960;0;0;0;0;8;0.39875
finishing;12;0.8;4.6;2160;0;0;0;0;9;0.922839506
finishing;11;0.8;2.9;2400;0;0;0;0;10;0.874027778
finishing;2;0.75;3.9;1920;0;0;0;0;8;0.819270833
finishing;4;0.75;3.94;1920;0;0;0;0;8;0.813309028
finishing;1;0.75;3.94;1920;0;0;0;0;8;0.812625
sweing;12;0.8;15.26;4080;63;0;0;0;34;0.800401961
sweing;3;0.8;30.1;6960;63;0;0;1;58;0.800071839
sweing;11;0.8;11.41;3420;50;0;0;0;58;0.800034503
finishing;3;0.8;4.6;1920;0;0;0;0;8;0.786631944
finishing;5;0.7;3.94;1440;0;0;0;0;12;0.75885
sweing;10;0.75;21.82;6000;34;0;0;0;50;0.750608
sweing;9;0.75;18.79;5040;45;0;0;0;52;0.750347333
sweing;2;0.75;16.1;5400;45;0;0;1;45;0.750140741
sweing;1;0.75;26.82;7080;45;0;0;0;59;0.750050847
sweing;4;0.75;26.82;7080;45;0;0;0;59;0.750050847
sweing;5;0.7;26.82;6960;30;0;0;1;58;0.700556897
sweing;8;0.7;30.48;6840;30;0;0;1;57;0.700505263
sweing;6;0.7;23.41;4560;40;0;0;1;38;0.700246491
sweing;7;0.65;30.48;6840;26;0;0;1;57;0.650596491
finishing;10;0.75;2.9;960;0;0;0;0;8;0.628333333
finishing;8;0.7;3.9;960;0;0;0;0;8;0.625625
finishing;7;0.65;3.9;960;0;0;0;0;8;0.625625
finishing;9;0.75;2.9;1800;0;0;0;0;15;0.505888889
finishing;6;0.7;2.9;720;0;0;0;0;6;0.394722222